<?xml version="1.0" encoding="UTF-8"?>
<project-private xmlns="http://www.netbeans.org/ns/project-private/1">
    <editor-bookmarks xmlns="http://www.netbeans.org/ns/editor-bookmarks/2" lastBookmarkId="0"/>
    <open-files xmlns="http://www.netbeans.org/ns/projectui-open-files/2">
        <group>
            <file>file:/C:/Users/user/Desktop/ATM/BILAL/src/ahmed/Screen.java</file>
            <file>file:/C:/Users/user/Desktop/ATM/BILAL/src/ahmed/Withdrawal.java</file>
            <file>file:/C:/Users/user/Desktop/ATM/BILAL/src/ahmed/Deposit.java</file>
            <file>file:/C:/Users/user/Desktop/ATM/BILAL/src/ahmed/ATM.java</file>
            <file>file:/C:/Users/user/Desktop/ATM/BILAL/src/ahmed/BankDatabase.java</file>
            <file>file:/C:/Users/user/Desktop/ATM/BILAL/src/ahmed/DepositSlot.java</file>
            <file>file:/C:/Users/user/Desktop/ATM/BILAL/src/ahmed/ATM_Study.java</file>
            <file>file:/C:/Users/user/Desktop/ATM/BILAL/src/ahmed/CashDispenser.java</file>
            <file>file:/C:/Users/user/Desktop/ATM/BILAL/src/ahmed/BalanceInquiry.java</file>
            <file>file:/C:/Users/user/Desktop/ATM/BILAL/src/ahmed/Transaction.java</file>
            <file>file:/C:/Users/user/Desktop/ATM/BILAL/src/ahmed/Account.java</file>
            <file>file:/C:/Users/user/Desktop/ATM/BILAL/src/ahmed/Keypad.java</file>
        </group>
    </open-files>
</project-private>
